Customer_ID,Customer_Name,City
CUST_1,Neha Agarwal,Kolkata
CUST_2,Shreya Joshi,Hyderabad
CUST_3,Karan Patel,Pune
CUST_4,Krishna Gupta,Kolkata
CUST_5,Vivaan Agarwal,Bangalore
CUST_6,Meera Sharma,Ahmedabad
CUST_7,Shreya Yadav,Pune
CUST_8,Kavya Pandey,Pune
CUST_9,Karan Chatterjee,Kolkata
CUST_10,Riya Pandey,Delhi
CUST_11,Anjali Patel,Bangalore
CUST_12,Kavya Reddy,Kolkata
CUST_13,Isha Das,Bangalore
CUST_14,Priya Das,Bangalore
CUST_15,Pooja Bansal,Ahmedabad
CUST_16,Krishna Nair,Pune
CUST_17,Meera Patel,Hyderabad
CUST_18,Amit Bansal,Ahmedabad
CUST_19,Pooja Agarwal,Ahmedabad
CUST_20,Neha Iyer,Bangalore
CUST_21,Karan Chatterjee,Chennai
CUST_22,Sai Mishra,Pune
CUST_23,Sneha Patel,Delhi
CUST_24,Rahul Sharma,Ahmedabad
CUST_25,Karan Kulkarni,Hyderabad
CUST_26,Rohan Chatterjee,Chennai
CUST_27,Karan Joshi,Chennai
CUST_28,Vivaan Nair,Delhi
CUST_29,Arjun Pandey,Ahmedabad
CUST_30,Vivaan Yadav,Hyderabad
CUST_31,Sneha Mehta,Pune
CUST_32,Kavya Joshi,Mumbai
CUST_33,Sneha Mehta,Hyderabad
CUST_34,Karan Singh,Delhi
CUST_35,Sai Pandey,Chennai
CUST_36,Priya Nair,Pune
CUST_37,Anjali Sharma,Hyderabad
CUST_38,Sneha Pandey,Mumbai
CUST_39,Pooja Nair,Mumbai
CUST_40,Sneha Reddy,Bangalore
CUST_41,Sneha Pandey,Bangalore
CUST_42,Rahul Verma,Kolkata
CUST_43,Shreya Verma,Delhi
CUST_44,Rahul Agarwal,Ahmedabad
CUST_45,Shreya Kulkarni,Hyderabad
CUST_46,Aarav Nair,Hyderabad
CUST_47,Vivaan Gupta,Ahmedabad
CUST_48,Amit Mehta,Kolkata
CUST_49,Krishna Mishra,Chennai
CUST_50,Anjali Sharma,Chennai
CUST_51,Sneha Patel,Kolkata
CUST_52,Meera Sharma,Chennai
CUST_53,Sneha Agarwal,Bangalore
CUST_54,Shreya Gupta,Hyderabad
CUST_55,Neha Das,Kolkata
CUST_56,Rohan Sharma,Hyderabad
CUST_57,Shreya Das,Ahmedabad
CUST_58,Rohan Agarwal,Mumbai
CUST_59,Meera Joshi,Bangalore
CUST_60,Sai Reddy,Pune
CUST_61,Anjali Gupta,Bangalore
CUST_62,Arjun Pandey,Kolkata
CUST_63,Kavya Reddy,Pune
CUST_64,Meera Gupta,Mumbai
CUST_65,Aarav Das,Kolkata
CUST_66,Vivaan Sharma,Delhi
CUST_67,Aditya Chatterjee,Hyderabad
CUST_68,Pooja Yadav,Mumbai
CUST_69,Kavya Mehta,Hyderabad
CUST_70,Vivaan Iyer,Chennai
CUST_71,Aarav Mishra,Delhi
CUST_72,Sneha Patel,Delhi
CUST_73,Kavya Mishra,Mumbai
CUST_74,Rohan Iyer,Delhi
CUST_75,Vivaan Mehta,Pune
CUST_76,Shreya Sharma,Delhi
CUST_77,Priya Iyer,Hyderabad
CUST_78,Rahul Iyer,Hyderabad
CUST_79,Aarav Nair,Kolkata
CUST_80,Vivaan Iyer,Hyderabad
CUST_81,Neha Chatterjee,Kolkata
CUST_82,Rahul Chatterjee,Hyderabad
CUST_83,Sneha Mishra,Pune
CUST_84,Aarav Nair,Ahmedabad
CUST_85,Amit Reddy,Kolkata
CUST_86,Amit Iyer,Bangalore
CUST_87,Sai Pandey,Chennai
CUST_88,Isha Nair,Mumbai
CUST_89,Anjali Das,Hyderabad
CUST_90,Neha Joshi,Delhi
CUST_91,Aarav Gupta,Ahmedabad
CUST_92,Aditya Yadav,Hyderabad
CUST_93,Riya Yadav,Delhi
CUST_94,Aditya Sharma,Chennai
CUST_95,Shreya Patel,Chennai
CUST_96,Sneha Patel,Chennai
CUST_97,Aarav Patel,Delhi
CUST_98,Sai Sharma,Hyderabad
CUST_99,Amit Agarwal,Chennai
CUST_100,Isha Singh,Pune
CUST_101,Rahul Patel,Kolkata
CUST_102,Aditya Singh,Delhi
CUST_103,Sneha Gupta,Delhi
CUST_104,Krishna Chatterjee,Hyderabad
CUST_105,Vivaan Kulkarni,Delhi
CUST_106,Aarav Reddy,Delhi
CUST_107,Neha Reddy,Chennai
CUST_108,Aarav Kulkarni,Hyderabad
CUST_109,Sneha Sharma,Chennai
CUST_110,Priya Verma,Kolkata
CUST_111,Meera Joshi,Ahmedabad
CUST_112,Neha Agarwal,Kolkata
CUST_113,Rohan Bansal,Ahmedabad
CUST_114,Rohan Mehta,Chennai
CUST_115,Rahul Verma,Kolkata
CUST_116,Vivaan Bansal,Hyderabad
CUST_117,Sneha Chatterjee,Mumbai
CUST_118,Meera Das,Chennai
CUST_119,Rahul Patel,Ahmedabad
CUST_120,Meera Verma,Pune
CUST_121,Neha Patel,Ahmedabad
CUST_122,Vivaan Mishra,Pune
CUST_123,Shreya Bansal,Delhi
CUST_124,Aditya Bansal,Kolkata
CUST_125,Isha Bansal,Pune
CUST_126,Shreya Das,Ahmedabad
CUST_127,Sai Gupta,Delhi
CUST_128,Sai Gupta,Mumbai
CUST_129,Sai Iyer,Hyderabad
CUST_130,Aditya Mishra,Hyderabad
CUST_131,Kavya Mishra,Hyderabad
CUST_132,Rohan Mishra,Pune
CUST_133,Rahul Mishra,Mumbai
CUST_134,Neha Das,Pune
CUST_135,Rahul Bansal,Kolkata
CUST_136,Shreya Yadav,Pune
CUST_137,Aditya Chatterjee,Mumbai
CUST_138,Rohan Agarwal,Mumbai
CUST_139,Sneha Agarwal,Kolkata
CUST_140,Priya Yadav,Mumbai
CUST_141,Anjali Pandey,Ahmedabad
CUST_142,Anjali Kulkarni,Mumbai
CUST_143,Arjun Verma,Hyderabad
CUST_144,Amit Mehta,Ahmedabad
CUST_145,Arjun Chatterjee,Ahmedabad
CUST_146,Pooja Pandey,Kolkata
CUST_147,Rahul Nair,Bangalore
CUST_148,Krishna Iyer,Bangalore
CUST_149,Karan Nair,Mumbai
CUST_150,Kavya Nair,Ahmedabad
CUST_151,Krishna Bansal,Bangalore
CUST_152,Sneha Reddy,Bangalore
CUST_153,Isha Joshi,Mumbai
CUST_154,Isha Iyer,Bangalore
CUST_155,Priya Pandey,Pune
CUST_156,Aditya Gupta,Delhi
CUST_157,Pooja Mishra,Kolkata
CUST_158,Aarav Nair,Delhi
CUST_159,Isha Yadav,Mumbai
CUST_160,Sai Mehta,Hyderabad
CUST_161,Anjali Reddy,Kolkata
CUST_162,Aarav Joshi,Mumbai
CUST_163,Neha Bansal,Ahmedabad
CUST_164,Karan Joshi,Hyderabad
CUST_165,Kavya Pandey,Delhi
CUST_166,Pooja Iyer,Mumbai
CUST_167,Riya Das,Ahmedabad
CUST_168,Pooja Sharma,Kolkata
CUST_169,Meera Sharma,Kolkata
CUST_170,Pooja Nair,Chennai
CUST_171,Pooja Patel,Ahmedabad
CUST_172,Aarav Mishra,Pune
CUST_173,Rohan Chatterjee,Bangalore
CUST_174,Krishna Joshi,Hyderabad
CUST_175,Isha Joshi,Ahmedabad
CUST_176,Krishna Verma,Chennai
CUST_177,Riya Chatterjee,Bangalore
CUST_178,Sneha Das,Bangalore
CUST_179,Riya Pandey,Mumbai
CUST_180,Rohan Singh,Bangalore
CUST_181,Shreya Iyer,Pune
CUST_182,Neha Singh,Kolkata
CUST_183,Karan Reddy,Chennai
CUST_184,Karan Yadav,Bangalore
CUST_185,Anjali Mishra,Mumbai
CUST_186,Isha Agarwal,Pune
CUST_187,Sai Kulkarni,Delhi
CUST_188,Meera Kulkarni,Kolkata
CUST_189,Aditya Pandey,Kolkata
CUST_190,Anjali Patel,Chennai
CUST_191,Pooja Yadav,Kolkata
CUST_192,Priya Reddy,Bangalore
CUST_193,Aditya Iyer,Mumbai
CUST_194,Meera Verma,Kolkata
CUST_195,Priya Bansal,Kolkata
CUST_196,Anjali Joshi,Delhi
CUST_197,Arjun Mishra,Delhi
CUST_198,Amit Pandey,Hyderabad
CUST_199,Karan Mishra,Pune
CUST_200,Riya Das,Bangalore
CUST_201,Krishna Pandey,Kolkata
CUST_202,Neha Nair,Ahmedabad
CUST_203,Anjali Gupta,Kolkata
CUST_204,Meera Verma,Mumbai
CUST_205,Aditya Gupta,Hyderabad
CUST_206,Neha Nair,Pune
CUST_207,Aarav Pandey,Ahmedabad
CUST_208,Karan Bansal,Hyderabad
CUST_209,Rohan Verma,Chennai
CUST_210,Amit Mehta,Pune
CUST_211,Sneha Mehta,Kolkata
CUST_212,Pooja Agarwal,Kolkata
CUST_213,Aditya Joshi,Pune
CUST_214,Pooja Iyer,Kolkata
CUST_215,Kavya Mishra,Bangalore
CUST_216,Karan Bansal,Pune
CUST_217,Isha Bansal,Hyderabad
CUST_218,Rohan Chatterjee,Pune
CUST_219,Karan Singh,Ahmedabad
CUST_220,Aditya Iyer,Kolkata
CUST_221,Arjun Verma,Bangalore
CUST_222,Sai Pandey,Bangalore
CUST_223,Neha Kulkarni,Chennai
CUST_224,Rohan Gupta,Hyderabad
CUST_225,Sai Joshi,Delhi
CUST_226,Rohan Singh,Delhi
CUST_227,Shreya Yadav,Pune
CUST_228,Vivaan Nair,Chennai
CUST_229,Pooja Gupta,Mumbai
CUST_230,Anjali Mehta,Pune
CUST_231,Isha Kulkarni,Chennai
CUST_232,Shreya Kulkarni,Hyderabad
CUST_233,Vivaan Pandey,Hyderabad
CUST_234,Riya Kulkarni,Hyderabad
CUST_235,Isha Agarwal,Hyderabad
CUST_236,Rahul Agarwal,Hyderabad
CUST_237,Anjali Iyer,Chennai
CUST_238,Pooja Reddy,Chennai
CUST_239,Shreya Agarwal,Bangalore
CUST_240,Isha Agarwal,Ahmedabad
CUST_241,Kavya Joshi,Delhi
CUST_242,Priya Das,Kolkata
CUST_243,Anjali Gupta,Hyderabad
CUST_244,Shreya Agarwal,Mumbai
CUST_245,Rahul Verma,Kolkata
CUST_246,Arjun Reddy,Chennai
CUST_247,Kavya Mishra,Mumbai
CUST_248,Vivaan Sharma,Mumbai
CUST_249,Riya Singh,Mumbai
CUST_250,Priya Yadav,Bangalore
CUST_251,Arjun Mishra,Chennai
CUST_252,Vivaan Kulkarni,Mumbai
CUST_253,Sai Kulkarni,Hyderabad
CUST_254,Isha Reddy,Pune
CUST_255,Neha Sharma,Mumbai
CUST_256,Shreya Singh,Bangalore
CUST_257,Karan Iyer,Kolkata
CUST_258,Riya Gupta,Chennai
CUST_259,Isha Das,Ahmedabad
CUST_260,Priya Das,Bangalore
CUST_261,Riya Kulkarni,Mumbai
CUST_262,Aditya Iyer,Chennai
CUST_263,Pooja Sharma,Pune
CUST_264,Krishna Singh,Mumbai
CUST_265,Aarav Sharma,Bangalore
CUST_266,Aditya Reddy,Delhi
CUST_267,Rahul Verma,Hyderabad
CUST_268,Kavya Patel,Ahmedabad
CUST_269,Krishna Reddy,Kolkata
CUST_270,Anjali Verma,Bangalore
CUST_271,Aarav Mishra,Chennai
CUST_272,Vivaan Mehta,Ahmedabad
CUST_273,Amit Mishra,Ahmedabad
CUST_274,Sai Mehta,Ahmedabad
CUST_275,Krishna Yadav,Mumbai
CUST_276,Neha Chatterjee,Hyderabad
CUST_277,Priya Das,Mumbai
CUST_278,Aarav Singh,Chennai
CUST_279,Sneha Verma,Mumbai
CUST_280,Amit Pandey,Delhi
CUST_281,Riya Das,Hyderabad
CUST_282,Rahul Verma,Hyderabad
CUST_283,Amit Gupta,Chennai
CUST_284,Rohan Sharma,Kolkata
CUST_285,Rohan Patel,Delhi
CUST_286,Vivaan Patel,Bangalore
CUST_287,Pooja Das,Mumbai
CUST_288,Riya Chatterjee,Pune
CUST_289,Arjun Joshi,Mumbai
CUST_290,Neha Pandey,Ahmedabad
CUST_291,Karan Joshi,Mumbai
CUST_292,Priya Chatterjee,Bangalore
CUST_293,Pooja Reddy,Mumbai
CUST_294,Isha Das,Delhi
CUST_295,Amit Agarwal,Delhi
CUST_296,Amit Das,Hyderabad
CUST_297,Priya Singh,Chennai
CUST_298,Priya Pandey,Kolkata
CUST_299,Sneha Joshi,Pune
CUST_300,Pooja Patel,Ahmedabad
CUST_301,Kavya Patel,Mumbai
CUST_302,Sai Yadav,Mumbai
CUST_303,Anjali Yadav,Bangalore
CUST_304,Aditya Reddy,Chennai
CUST_305,Isha Nair,Delhi
CUST_306,Neha Iyer,Pune
CUST_307,Vivaan Das,Hyderabad
CUST_308,Rahul Reddy,Delhi
CUST_309,Anjali Bansal,Ahmedabad
CUST_310,Amit Verma,Chennai
CUST_311,Rahul Gupta,Ahmedabad
CUST_312,Rahul Mishra,Kolkata
CUST_313,Anjali Chatterjee,Hyderabad
CUST_314,Krishna Yadav,Kolkata
CUST_315,Kavya Bansal,Bangalore
CUST_316,Sai Sharma,Ahmedabad
CUST_317,Rohan Das,Bangalore
CUST_318,Meera Iyer,Mumbai
CUST_319,Isha Bansal,Kolkata
CUST_320,Anjali Pandey,Chennai
CUST_321,Aditya Pandey,Ahmedabad
CUST_322,Kavya Reddy,Pune
CUST_323,Rahul Chatterjee,Hyderabad
CUST_324,Priya Mishra,Delhi
CUST_325,Rohan Nair,Chennai
CUST_326,Priya Reddy,Chennai
CUST_327,Karan Gupta,Bangalore
CUST_328,Krishna Chatterjee,Kolkata
CUST_329,Shreya Nair,Ahmedabad
CUST_330,Neha Yadav,Ahmedabad
CUST_331,Rohan Yadav,Mumbai
CUST_332,Isha Singh,Mumbai
CUST_333,Rahul Nair,Hyderabad
CUST_334,Rahul Reddy,Bangalore
CUST_335,Neha Reddy,Chennai
CUST_336,Isha Mishra,Ahmedabad
CUST_337,Rohan Gupta,Pune
CUST_338,Aarav Iyer,Bangalore
CUST_339,Krishna Patel,Hyderabad
CUST_340,Krishna Reddy,Hyderabad
CUST_341,Neha Singh,Bangalore
CUST_342,Neha Chatterjee,Hyderabad
CUST_343,Krishna Gupta,Bangalore
CUST_344,Riya Mehta,Delhi
CUST_345,Meera Bansal,Bangalore
CUST_346,Meera Pandey,Kolkata
CUST_347,Arjun Sharma,Bangalore
CUST_348,Amit Kulkarni,Hyderabad
CUST_349,Neha Bansal,Ahmedabad
CUST_350,Pooja Mehta,Kolkata
CUST_351,Riya Verma,Hyderabad
CUST_352,Vivaan Kulkarni,Mumbai
CUST_353,Amit Patel,Mumbai
CUST_354,Aditya Singh,Ahmedabad
CUST_355,Pooja Pandey,Ahmedabad
CUST_356,Amit Kulkarni,Kolkata
CUST_357,Amit Mishra,Delhi
CUST_358,Priya Sharma,Ahmedabad
CUST_359,Kavya Iyer,Mumbai
CUST_360,Neha Sharma,Bangalore
CUST_361,Karan Mehta,Hyderabad
CUST_362,Anjali Joshi,Mumbai
CUST_363,Kavya Chatterjee,Mumbai
CUST_364,Shreya Verma,Delhi
CUST_365,Pooja Agarwal,Kolkata
CUST_366,Neha Singh,Kolkata
CUST_367,Anjali Reddy,Chennai
CUST_368,Neha Singh,Delhi
CUST_369,Rahul Joshi,Bangalore
CUST_370,Riya Pandey,Kolkata
CUST_371,Neha Nair,Hyderabad
CUST_372,Krishna Agarwal,Ahmedabad
CUST_373,Amit Nair,Delhi
CUST_374,Rohan Nair,Ahmedabad
CUST_375,Sai Joshi,Mumbai
CUST_376,Karan Mehta,Hyderabad
CUST_377,Anjali Nair,Hyderabad
CUST_378,Amit Patel,Mumbai
CUST_379,Sneha Reddy,Delhi
CUST_380,Karan Kulkarni,Mumbai
CUST_381,Karan Kulkarni,Ahmedabad
CUST_382,Pooja Singh,Chennai
CUST_383,Sai Singh,Hyderabad
CUST_384,Krishna Patel,Pune
CUST_385,Priya Iyer,Pune
CUST_386,Sneha Yadav,Ahmedabad
CUST_387,Isha Das,Bangalore
CUST_388,Arjun Singh,Kolkata
CUST_389,Priya Iyer,Mumbai
CUST_390,Aarav Agarwal,Mumbai
CUST_391,Priya Chatterjee,Bangalore
CUST_392,Amit Sharma,Bangalore
CUST_393,Neha Mishra,Ahmedabad
CUST_394,Sneha Kulkarni,Ahmedabad
CUST_395,Krishna Pandey,Bangalore
CUST_396,Priya Bansal,Hyderabad
CUST_397,Aditya Das,Ahmedabad
CUST_398,Vivaan Nair,Chennai
CUST_399,Anjali Patel,Ahmedabad
CUST_400,Sai Reddy,Mumbai
CUST_401,Sai Kulkarni,Ahmedabad
CUST_402,Vivaan Kulkarni,Hyderabad
CUST_403,Anjali Sharma,Bangalore
CUST_404,Kavya Sharma,Mumbai
CUST_405,Aarav Das,Ahmedabad
CUST_406,Isha Gupta,Hyderabad
CUST_407,Meera Mishra,Chennai
CUST_408,Neha Verma,Ahmedabad
CUST_409,Vivaan Kulkarni,Hyderabad
CUST_410,Karan Agarwal,Chennai
CUST_411,Rahul Mishra,Bangalore
CUST_412,Riya Singh,Ahmedabad
CUST_413,Karan Nair,Chennai
CUST_414,Sai Mishra,Mumbai
CUST_415,Krishna Verma,Bangalore
CUST_416,Vivaan Iyer,Mumbai
CUST_417,Sneha Patel,Pune
CUST_418,Kavya Chatterjee,Delhi
CUST_419,Krishna Reddy,Ahmedabad
CUST_420,Krishna Reddy,Chennai
CUST_421,Anjali Verma,Delhi
CUST_422,Krishna Kulkarni,Delhi
CUST_423,Anjali Mehta,Chennai
CUST_424,Isha Pandey,Bangalore
CUST_425,Rahul Agarwal,Ahmedabad
CUST_426,Amit Mishra,Pune
CUST_427,Sneha Pandey,Mumbai
CUST_428,Krishna Nair,Hyderabad
CUST_429,Aarav Das,Mumbai
CUST_430,Rahul Sharma,Hyderabad
CUST_431,Arjun Mehta,Mumbai
CUST_432,Karan Yadav,Chennai
CUST_433,Aarav Nair,Pune
CUST_434,Neha Das,Ahmedabad
CUST_435,Aarav Das,Hyderabad
CUST_436,Rahul Chatterjee,Ahmedabad
CUST_437,Sai Kulkarni,Ahmedabad
CUST_438,Riya Patel,Ahmedabad
CUST_439,Riya Yadav,Kolkata
CUST_440,Anjali Agarwal,Bangalore
CUST_441,Rohan Iyer,Mumbai
CUST_442,Aditya Nair,Ahmedabad
CUST_443,Rahul Yadav,Mumbai
CUST_444,Rohan Bansal,Ahmedabad
CUST_445,Arjun Nair,Hyderabad
CUST_446,Shreya Joshi,Bangalore
CUST_447,Rahul Kulkarni,Bangalore
CUST_448,Priya Pandey,Chennai
CUST_449,Kavya Das,Kolkata
CUST_450,Sai Yadav,Chennai
CUST_451,Arjun Bansal,Chennai
CUST_452,Aditya Yadav,Chennai
CUST_453,Sneha Joshi,Chennai
CUST_454,Aditya Bansal,Chennai
CUST_455,Riya Reddy,Pune
CUST_456,Rahul Yadav,Bangalore
CUST_457,Sneha Yadav,Chennai
CUST_458,Rahul Gupta,Ahmedabad
CUST_459,Kavya Reddy,Bangalore
CUST_460,Sneha Verma,Bangalore
CUST_461,Rahul Patel,Delhi
CUST_462,Meera Verma,Pune
CUST_463,Pooja Sharma,Chennai
CUST_464,Pooja Mehta,Mumbai
CUST_465,Priya Das,Hyderabad
CUST_466,Arjun Das,Kolkata
CUST_467,Amit Mehta,Ahmedabad
CUST_468,Neha Reddy,Mumbai
CUST_469,Anjali Joshi,Pune
CUST_470,Aditya Reddy,Hyderabad
CUST_471,Aditya Mehta,Pune
CUST_472,Arjun Agarwal,Ahmedabad
CUST_473,Rahul Verma,Bangalore
CUST_474,Aarav Agarwal,Hyderabad
CUST_475,Pooja Pandey,Bangalore
CUST_476,Aditya Chatterjee,Ahmedabad
CUST_477,Rohan Nair,Mumbai
CUST_478,Karan Mehta,Ahmedabad
CUST_479,Kavya Sharma,Mumbai
CUST_480,Meera Reddy,Hyderabad
CUST_481,Arjun Nair,Hyderabad
CUST_482,Sneha Mehta,Chennai
CUST_483,Isha Verma,Pune
CUST_484,Neha Reddy,Chennai
CUST_485,Aarav Verma,Pune
CUST_486,Riya Patel,Chennai
CUST_487,Sneha Sharma,Bangalore
CUST_488,Aarav Mishra,Hyderabad
CUST_489,Sai Chatterjee,Mumbai
CUST_490,Kavya Agarwal,Pune
CUST_491,Rohan Agarwal,Ahmedabad
CUST_492,Rohan Sharma,Pune
CUST_493,Amit Mehta,Mumbai
CUST_494,Sneha Yadav,Chennai
CUST_495,Meera Yadav,Pune
CUST_496,Aditya Patel,Kolkata
CUST_497,Arjun Agarwal,Bangalore
CUST_498,Amit Chatterjee,Hyderabad
CUST_499,Anjali Pandey,Mumbai
CUST_500,Anjali Joshi,Hyderabad
CUST_501,Meera Patel,Kolkata
CUST_502,Aditya Singh,Pune
CUST_503,Pooja Chatterjee,Pune
CUST_504,Anjali Gupta,Ahmedabad
CUST_505,Rohan Sharma,Kolkata
CUST_506,Sneha Joshi,Mumbai
CUST_507,Pooja Singh,Ahmedabad
CUST_508,Neha Nair,Bangalore
CUST_509,Sai Mehta,Ahmedabad
CUST_510,Amit Mehta,Delhi
CUST_511,Aditya Bansal,Mumbai
CUST_512,Krishna Pandey,Delhi
CUST_513,Arjun Patel,Kolkata
CUST_514,Arjun Verma,Chennai
CUST_515,Vivaan Nair,Delhi
CUST_516,Shreya Mishra,Bangalore
CUST_517,Arjun Singh,Ahmedabad
CUST_518,Neha Reddy,Chennai
CUST_519,Neha Nair,Ahmedabad
CUST_520,Rahul Mishra,Delhi
CUST_521,Vivaan Mehta,Ahmedabad
CUST_522,Amit Patel,Kolkata
CUST_523,Aditya Sharma,Chennai
CUST_524,Karan Mishra,Kolkata
CUST_525,Krishna Sharma,Delhi
CUST_526,Amit Verma,Kolkata
CUST_527,Krishna Sharma,Bangalore
CUST_528,Karan Mehta,Delhi
CUST_529,Karan Reddy,Delhi
CUST_530,Rohan Kulkarni,Delhi
CUST_531,Neha Sharma,Mumbai
CUST_532,Neha Yadav,Ahmedabad
CUST_533,Karan Chatterjee,Mumbai
CUST_534,Karan Yadav,Mumbai
CUST_535,Riya Mehta,Bangalore
CUST_536,Vivaan Pandey,Chennai
CUST_537,Meera Yadav,Ahmedabad
CUST_538,Aditya Pandey,Kolkata
CUST_539,Rahul Yadav,Pune
CUST_540,Pooja Singh,Delhi
CUST_541,Priya Das,Kolkata
CUST_542,Isha Nair,Delhi
CUST_543,Shreya Chatterjee,Bangalore
CUST_544,Shreya Verma,Delhi
CUST_545,Rohan Mishra,Mumbai
CUST_546,Priya Joshi,Ahmedabad
CUST_547,Vivaan Sharma,Pune
CUST_548,Anjali Pandey,Hyderabad
CUST_549,Meera Kulkarni,Delhi
CUST_550,Vivaan Bansal,Kolkata
CUST_551,Vivaan Joshi,Mumbai
CUST_552,Sai Nair,Hyderabad
CUST_553,Aarav Gupta,Pune
CUST_554,Anjali Patel,Hyderabad
CUST_555,Sneha Gupta,Mumbai
CUST_556,Karan Iyer,Ahmedabad
CUST_557,Isha Kulkarni,Ahmedabad
CUST_558,Isha Sharma,Chennai
CUST_559,Kavya Nair,Ahmedabad
CUST_560,Priya Iyer,Chennai
CUST_561,Aditya Bansal,Hyderabad
CUST_562,Amit Kulkarni,Bangalore
CUST_563,Priya Kulkarni,Kolkata
CUST_564,Isha Singh,Kolkata
CUST_565,Vivaan Yadav,Hyderabad
CUST_566,Riya Pandey,Delhi
CUST_567,Sneha Nair,Delhi
CUST_568,Isha Verma,Ahmedabad
CUST_569,Sai Chatterjee,Kolkata
CUST_570,Sai Bansal,Kolkata
CUST_571,Karan Verma,Chennai
CUST_572,Priya Mehta,Bangalore
CUST_573,Arjun Joshi,Mumbai
CUST_574,Karan Singh,Delhi
CUST_575,Kavya Patel,Kolkata
CUST_576,Meera Agarwal,Chennai
CUST_577,Meera Agarwal,Pune
CUST_578,Kavya Reddy,Chennai
CUST_579,Vivaan Chatterjee,Delhi
CUST_580,Amit Nair,Delhi
CUST_581,Sai Mehta,Chennai
CUST_582,Sneha Yadav,Mumbai
CUST_583,Isha Gupta,Hyderabad
CUST_584,Riya Verma,Delhi
CUST_585,Anjali Singh,Chennai
CUST_586,Sai Mehta,Kolkata
CUST_587,Karan Bansal,Chennai
CUST_588,Rohan Mishra,Bangalore
CUST_589,Neha Iyer,Hyderabad
CUST_590,Meera Sharma,Pune
CUST_591,Isha Mishra,Mumbai
CUST_592,Kavya Yadav,Ahmedabad
CUST_593,Isha Pandey,Pune
CUST_594,Kavya Reddy,Hyderabad
CUST_595,Riya Iyer,Hyderabad
CUST_596,Riya Yadav,Hyderabad
CUST_597,Rahul Yadav,Pune
CUST_598,Aarav Mehta,Kolkata
CUST_599,Meera Nair,Hyderabad
CUST_600,Sneha Iyer,Chennai
CUST_601,Kavya Iyer,Pune
CUST_602,Priya Kulkarni,Ahmedabad
CUST_603,Sai Iyer,Hyderabad
CUST_604,Riya Nair,Chennai
CUST_605,Pooja Iyer,Kolkata
CUST_606,Kavya Singh,Bangalore
CUST_607,Amit Mehta,Kolkata
CUST_608,Riya Mishra,Ahmedabad
CUST_609,Karan Nair,Hyderabad
CUST_610,Sai Verma,Ahmedabad
CUST_611,Pooja Mishra,Pune
CUST_612,Anjali Chatterjee,Delhi
CUST_613,Arjun Yadav,Hyderabad
CUST_614,Rohan Das,Delhi
CUST_615,Aarav Reddy,Chennai
CUST_616,Priya Sharma,Bangalore
CUST_617,Aditya Mishra,Mumbai
CUST_618,Amit Reddy,Ahmedabad
CUST_619,Amit Verma,Kolkata
CUST_620,Isha Gupta,Bangalore
CUST_621,Karan Verma,Hyderabad
CUST_622,Arjun Singh,Delhi
CUST_623,Vivaan Chatterjee,Kolkata
CUST_624,Rahul Mehta,Delhi
CUST_625,Sai Pandey,Pune
CUST_626,Karan Iyer,Delhi
CUST_627,Aditya Bansal,Pune
CUST_628,Isha Chatterjee,Chennai
CUST_629,Karan Iyer,Kolkata
CUST_630,Neha Mishra,Kolkata
CUST_631,Isha Patel,Mumbai
CUST_632,Meera Verma,Hyderabad
CUST_633,Anjali Gupta,Pune
CUST_634,Aarav Yadav,Mumbai
CUST_635,Rohan Agarwal,Delhi
CUST_636,Amit Chatterjee,Delhi
CUST_637,Isha Gupta,Mumbai
CUST_638,Sneha Reddy,Kolkata
CUST_639,Shreya Reddy,Delhi
CUST_640,Vivaan Yadav,Ahmedabad
CUST_641,Rohan Reddy,Chennai
CUST_642,Pooja Reddy,Chennai
CUST_643,Meera Yadav,Ahmedabad
CUST_644,Riya Reddy,Mumbai
CUST_645,Aditya Singh,Ahmedabad
CUST_646,Neha Singh,Pune
CUST_647,Meera Nair,Pune
CUST_648,Amit Yadav,Mumbai
CUST_649,Riya Verma,Ahmedabad
CUST_650,Kavya Reddy,Pune
CUST_651,Meera Kulkarni,Kolkata
CUST_652,Amit Gupta,Ahmedabad
CUST_653,Neha Iyer,Kolkata
CUST_654,Aarav Yadav,Pune
CUST_655,Pooja Kulkarni,Chennai
CUST_656,Arjun Singh,Pune
CUST_657,Arjun Iyer,Kolkata
CUST_658,Priya Agarwal,Bangalore
CUST_659,Pooja Reddy,Hyderabad
CUST_660,Isha Joshi,Delhi
CUST_661,Sneha Pandey,Ahmedabad
CUST_662,Kavya Nair,Bangalore
CUST_663,Kavya Verma,Pune
CUST_664,Krishna Nair,Chennai
CUST_665,Shreya Bansal,Mumbai
CUST_666,Pooja Singh,Pune
CUST_667,Sneha Iyer,Chennai
CUST_668,Anjali Mishra,Hyderabad
CUST_669,Aditya Kulkarni,Pune
CUST_670,Pooja Reddy,Kolkata
CUST_671,Isha Yadav,Mumbai
CUST_672,Arjun Verma,Chennai
CUST_673,Anjali Patel,Chennai
CUST_674,Pooja Mishra,Chennai
CUST_675,Arjun Kulkarni,Hyderabad
CUST_676,Shreya Yadav,Pune
CUST_677,Aditya Reddy,Hyderabad
CUST_678,Riya Das,Ahmedabad
CUST_679,Shreya Agarwal,Delhi
CUST_680,Aditya Iyer,Delhi
CUST_681,Shreya Iyer,Ahmedabad
CUST_682,Aditya Verma,Pune
CUST_683,Pooja Patel,Kolkata
CUST_684,Riya Mishra,Hyderabad
CUST_685,Aarav Mehta,Mumbai
CUST_686,Rohan Verma,Chennai
CUST_687,Vivaan Joshi,Chennai
CUST_688,Vivaan Pandey,Pune
CUST_689,Aarav Pandey,Kolkata
CUST_690,Shreya Gupta,Delhi
CUST_691,Isha Mehta,Delhi
CUST_692,Kavya Sharma,Chennai
CUST_693,Shreya Mehta,Pune
CUST_694,Priya Iyer,Hyderabad
CUST_695,Kavya Patel,Delhi
CUST_696,Sneha Agarwal,Hyderabad
CUST_697,Aarav Sharma,Kolkata
CUST_698,Pooja Mishra,Delhi
CUST_699,Anjali Kulkarni,Delhi
CUST_700,Isha Gupta,Bangalore
