Driver_ID,Driver_Name,City,Rating
DRV_1,Anjali Chatterjee,Delhi,4.18
DRV_2,Aditya Agarwal,Ahmedabad,4.43
DRV_3,Rohan Reddy,Mumbai,3.92
DRV_4,Neha Joshi,Ahmedabad,3.78
DRV_5,Anjali Pandey,Pune,4.2
DRV_6,Karan Mehta,Pune,4.03
DRV_7,Aarav Nair,Hyderabad,4.38
DRV_8,Rohan Pandey,Ahmedabad,3.62
DRV_9,Rahul Verma,Ahmedabad,4.96
DRV_10,Vivaan Reddy,Ahmedabad,4.98
DRV_11,Aditya Gupta,Kolkata,4.55
DRV_12,Shreya Bansal,Delhi,4.3
DRV_13,Rahul Gupta,Mumbai,3.96
DRV_14,Amit Patel,Hyderabad,4.72
DRV_15,Neha Iyer,Ahmedabad,4.53
DRV_16,Arjun Mishra,Ahmedabad,3.74
DRV_17,Pooja Joshi,Bangalore,4.87
DRV_18,Aarav Iyer,Hyderabad,4.73
DRV_19,Kavya Kulkarni,Ahmedabad,4.92
DRV_20,Kavya Chatterjee,Hyderabad,4.59
DRV_21,Arjun Mishra,Delhi,4.42
DRV_22,Riya Mishra,Bangalore,4.13
DRV_23,Arjun Patel,Hyderabad,4.9
DRV_24,Neha Mishra,Mumbai,4.8
DRV_25,Aditya Bansal,Mumbai,3.57
DRV_26,Aarav Kulkarni,Pune,3.54
DRV_27,Shreya Yadav,Bangalore,4.06
DRV_28,Aditya Reddy,Bangalore,4.72
DRV_29,Shreya Joshi,Pune,4.98
DRV_30,Aditya Chatterjee,Hyderabad,3.73
DRV_31,Riya Agarwal,Bangalore,4.39
DRV_32,Priya Mishra,Mumbai,4.07
DRV_33,Karan Patel,Mumbai,4.95
DRV_34,Rahul Agarwal,Ahmedabad,4.76
DRV_35,Pooja Agarwal,Delhi,4.76
DRV_36,Rohan Agarwal,Bangalore,4.2
DRV_37,Sneha Iyer,Hyderabad,4.12
DRV_38,Krishna Kulkarni,Pune,3.91
DRV_39,Riya Nair,Pune,3.58
DRV_40,Sai Agarwal,Hyderabad,4.8
DRV_41,Krishna Nair,Kolkata,4.72
DRV_42,Neha Chatterjee,Chennai,5
DRV_43,Shreya Joshi,Delhi,4.99
DRV_44,Rahul Verma,Pune,4.33
DRV_45,Riya Sharma,Bangalore,4.65
DRV_46,Karan Das,Delhi,4.92
DRV_47,Rohan Patel,Bangalore,4.77
DRV_48,Sneha Agarwal,Kolkata,3.87
DRV_49,Rohan Sharma,Mumbai,4.18
DRV_50,Sneha Agarwal,Delhi,3.69
DRV_51,Kavya Gupta,Ahmedabad,4.93
DRV_52,Anjali Chatterjee,Pune,4.41
DRV_53,Anjali Iyer,Delhi,3.84
DRV_54,Shreya Chatterjee,Delhi,4.51
DRV_55,Aarav Mehta,Delhi,4.43
DRV_56,Aarav Patel,Chennai,4.04
DRV_57,Sai Yadav,Delhi,3.67
DRV_58,Riya Reddy,Bangalore,4.51
DRV_59,Karan Agarwal,Mumbai,4.28
DRV_60,Sneha Pandey,Kolkata,4.66
DRV_61,Sneha Yadav,Hyderabad,4.28
DRV_62,Arjun Iyer,Delhi,4.78
DRV_63,Aarav Mishra,Pune,4.33
DRV_64,Aarav Verma,Delhi,4.34
DRV_65,Pooja Kulkarni,Pune,4.81
DRV_66,Isha Nair,Bangalore,4.11
DRV_67,Krishna Mehta,Pune,3.7
DRV_68,Sai Yadav,Ahmedabad,3.54
DRV_69,Riya Iyer,Hyderabad,4.63
DRV_70,Arjun Chatterjee,Mumbai,4.43
DRV_71,Aarav Sharma,Pune,4.56
DRV_72,Isha Sharma,Pune,3.82
DRV_73,Arjun Chatterjee,Mumbai,3.7
DRV_74,Priya Verma,Hyderabad,3.52
DRV_75,Riya Gupta,Delhi,4.03
DRV_76,Krishna Joshi,Pune,4.38
DRV_77,Krishna Pandey,Mumbai,4.09
DRV_78,Arjun Verma,Ahmedabad,4.16
DRV_79,Aarav Chatterjee,Ahmedabad,4.86
DRV_80,Aarav Yadav,Bangalore,4.02
DRV_81,Aarav Yadav,Mumbai,4.27
DRV_82,Arjun Pandey,Bangalore,4.68
DRV_83,Krishna Mishra,Ahmedabad,4.09
DRV_84,Riya Chatterjee,Hyderabad,4.43
DRV_85,Shreya Gupta,Delhi,4.79
DRV_86,Sneha Reddy,Mumbai,4.92
DRV_87,Meera Yadav,Kolkata,3.72
DRV_88,Riya Kulkarni,Ahmedabad,4.89
DRV_89,Neha Mishra,Ahmedabad,4.24
DRV_90,Vivaan Agarwal,Kolkata,3.89
DRV_91,Priya Mehta,Chennai,4.19
DRV_92,Sneha Das,Ahmedabad,4.97
DRV_93,Vivaan Pandey,Pune,4.24
DRV_94,Vivaan Agarwal,Hyderabad,3.99
DRV_95,Riya Chatterjee,Mumbai,4.45
DRV_96,Aditya Singh,Kolkata,3.86
DRV_97,Aditya Patel,Pune,3.61
DRV_98,Aarav Joshi,Kolkata,3.69
DRV_99,Aarav Bansal,Mumbai,3.69
DRV_100,Pooja Gupta,Bangalore,3.73
DRV_101,Krishna Joshi,Mumbai,3.71
DRV_102,Krishna Singh,Chennai,4.46
DRV_103,Shreya Singh,Mumbai,3.77
DRV_104,Sneha Kulkarni,Mumbai,4.02
DRV_105,Rohan Mishra,Chennai,4.85
DRV_106,Kavya Reddy,Hyderabad,4.21
DRV_107,Rahul Chatterjee,Ahmedabad,4.5
DRV_108,Sai Joshi,Mumbai,3.76
DRV_109,Amit Chatterjee,Chennai,3.79
DRV_110,Anjali Sharma,Pune,3.56
DRV_111,Karan Pandey,Bangalore,3.75
DRV_112,Isha Patel,Bangalore,3.92
DRV_113,Karan Mishra,Mumbai,3.77
DRV_114,Priya Verma,Hyderabad,3.63
DRV_115,Rahul Das,Hyderabad,3.68
DRV_116,Sai Pandey,Pune,4.19
DRV_117,Sai Agarwal,Mumbai,3.81
DRV_118,Karan Chatterjee,Bangalore,4.05
DRV_119,Aarav Agarwal,Hyderabad,4.26
DRV_120,Rohan Joshi,Mumbai,4.54
DRV_121,Amit Joshi,Kolkata,3.56
DRV_122,Rahul Chatterjee,Hyderabad,4.7
DRV_123,Karan Sharma,Chennai,4.44
DRV_124,Shreya Iyer,Kolkata,3.62
DRV_125,Krishna Nair,Ahmedabad,4.81
DRV_126,Karan Yadav,Hyderabad,4.88
DRV_127,Riya Mehta,Bangalore,3.59
DRV_128,Shreya Reddy,Delhi,3.92
DRV_129,Anjali Mishra,Kolkata,4.71
DRV_130,Neha Kulkarni,Ahmedabad,4.62
DRV_131,Sai Patel,Pune,3.78
DRV_132,Amit Singh,Pune,3.81
DRV_133,Shreya Verma,Bangalore,4.06
DRV_134,Anjali Joshi,Hyderabad,4.23
DRV_135,Rahul Pandey,Mumbai,4.43
DRV_136,Sai Das,Hyderabad,4.05
DRV_137,Neha Kulkarni,Bangalore,4.19
DRV_138,Rahul Pandey,Pune,4.62
DRV_139,Rahul Bansal,Hyderabad,3.56
DRV_140,Rohan Pandey,Pune,3.88
DRV_141,Amit Mehta,Kolkata,4.57
DRV_142,Amit Nair,Ahmedabad,4.84
DRV_143,Rahul Verma,Mumbai,4.27
DRV_144,Isha Joshi,Kolkata,4.3
DRV_145,Aarav Singh,Pune,3.66
DRV_146,Vivaan Nair,Pune,4.17
DRV_147,Aditya Patel,Delhi,4.3
DRV_148,Vivaan Chatterjee,Delhi,3.86
DRV_149,Isha Kulkarni,Kolkata,3.9
DRV_150,Isha Chatterjee,Chennai,4.07
DRV_151,Isha Yadav,Kolkata,3.53
DRV_152,Aarav Bansal,Delhi,3.98
DRV_153,Rahul Agarwal,Pune,3.82
DRV_154,Isha Iyer,Bangalore,3.99
DRV_155,Krishna Agarwal,Kolkata,3.68
DRV_156,Vivaan Das,Pune,4.84
DRV_157,Amit Kulkarni,Bangalore,4.39
DRV_158,Shreya Iyer,Bangalore,4.52
DRV_159,Neha Bansal,Delhi,4.68
DRV_160,Vivaan Agarwal,Kolkata,4.25
DRV_161,Priya Nair,Hyderabad,3.63
DRV_162,Neha Iyer,Mumbai,4.31
DRV_163,Kavya Verma,Delhi,4.38
DRV_164,Shreya Gupta,Delhi,4.62
DRV_165,Neha Iyer,Hyderabad,4.15
DRV_166,Pooja Gupta,Mumbai,3.69
DRV_167,Neha Verma,Pune,3.93
DRV_168,Anjali Nair,Chennai,4.04
DRV_169,Priya Singh,Kolkata,4.47
DRV_170,Shreya Mehta,Chennai,4.36
DRV_171,Arjun Yadav,Pune,4.03
DRV_172,Aditya Das,Ahmedabad,4.98
DRV_173,Vivaan Reddy,Delhi,4.41
DRV_174,Kavya Verma,Mumbai,3.86
DRV_175,Isha Pandey,Delhi,3.65
DRV_176,Priya Mehta,Bangalore,3.73
DRV_177,Neha Bansal,Delhi,3.87
DRV_178,Aarav Yadav,Delhi,3.74
DRV_179,Karan Agarwal,Pune,3.78
DRV_180,Rohan Agarwal,Pune,3.93
DRV_181,Vivaan Reddy,Pune,3.76
DRV_182,Priya Reddy,Chennai,4.85
DRV_183,Aditya Mehta,Bangalore,3.62
DRV_184,Vivaan Kulkarni,Ahmedabad,4.29
DRV_185,Isha Pandey,Ahmedabad,4.12
DRV_186,Rohan Joshi,Pune,4.97
DRV_187,Rahul Sharma,Mumbai,3.67
DRV_188,Neha Mehta,Chennai,4.1
DRV_189,Isha Sharma,Hyderabad,4.95
DRV_190,Krishna Verma,Mumbai,4.8
DRV_191,Vivaan Das,Kolkata,4.73
DRV_192,Krishna Singh,Kolkata,3.89
DRV_193,Sai Kulkarni,Mumbai,3.76
DRV_194,Riya Reddy,Pune,4.5
DRV_195,Aarav Chatterjee,Hyderabad,4.89
DRV_196,Karan Iyer,Hyderabad,4.34
DRV_197,Kavya Mehta,Chennai,4.36
DRV_198,Pooja Joshi,Hyderabad,3.92
DRV_199,Sneha Joshi,Kolkata,4.65
DRV_200,Kavya Agarwal,Bangalore,3.78
DRV_201,Sai Verma,Pune,3.99
DRV_202,Anjali Chatterjee,Hyderabad,4.14
DRV_203,Arjun Mehta,Chennai,4.26
DRV_204,Priya Kulkarni,Kolkata,3.86
DRV_205,Riya Mishra,Bangalore,3.67
DRV_206,Pooja Iyer,Delhi,4.42
DRV_207,Priya Chatterjee,Delhi,3.93
DRV_208,Amit Verma,Bangalore,4.37
DRV_209,Shreya Nair,Kolkata,3.73
DRV_210,Karan Singh,Chennai,4.22
DRV_211,Neha Patel,Bangalore,4.3
DRV_212,Aditya Gupta,Pune,3.58
DRV_213,Vivaan Gupta,Pune,4
DRV_214,Shreya Iyer,Delhi,3.7
DRV_215,Meera Reddy,Hyderabad,3.6
DRV_216,Aditya Iyer,Chennai,4.98
DRV_217,Shreya Singh,Delhi,3.98
DRV_218,Amit Nair,Hyderabad,4.71
DRV_219,Pooja Gupta,Hyderabad,3.88
DRV_220,Sneha Gupta,Ahmedabad,4.52
DRV_221,Arjun Verma,Pune,4.64
DRV_222,Neha Agarwal,Kolkata,4.39
DRV_223,Sai Gupta,Mumbai,4.21
DRV_224,Riya Chatterjee,Kolkata,4.12
DRV_225,Riya Das,Mumbai,4.02
DRV_226,Sai Joshi,Bangalore,4.89
DRV_227,Sai Reddy,Pune,4.75
DRV_228,Kavya Joshi,Hyderabad,4.95
DRV_229,Riya Das,Chennai,3.69
DRV_230,Priya Yadav,Mumbai,4.6
DRV_231,Amit Sharma,Kolkata,4.91
DRV_232,Isha Yadav,Hyderabad,3.77
DRV_233,Sai Gupta,Mumbai,3.6
DRV_234,Priya Pandey,Mumbai,4.61
DRV_235,Shreya Reddy,Ahmedabad,4.36
DRV_236,Rahul Chatterjee,Mumbai,4.76
DRV_237,Aarav Singh,Chennai,3.71
DRV_238,Pooja Nair,Pune,4.69
DRV_239,Rahul Mishra,Chennai,3.8
DRV_240,Shreya Bansal,Delhi,3.75
DRV_241,Meera Mehta,Hyderabad,3.75
DRV_242,Riya Sharma,Pune,4.72
DRV_243,Krishna Yadav,Ahmedabad,4.5
DRV_244,Vivaan Joshi,Pune,4.28
DRV_245,Pooja Mehta,Pune,4.04
DRV_246,Priya Mishra,Kolkata,4.82
DRV_247,Shreya Bansal,Pune,4.09
DRV_248,Priya Singh,Ahmedabad,4.72
DRV_249,Isha Mishra,Chennai,4.16
DRV_250,Riya Iyer,Pune,4.07
DRV_251,Krishna Mishra,Bangalore,4.19
DRV_252,Sneha Verma,Hyderabad,3.95
DRV_253,Arjun Kulkarni,Pune,4.62
DRV_254,Shreya Iyer,Hyderabad,4.25
DRV_255,Pooja Pandey,Bangalore,3.85
DRV_256,Anjali Mehta,Bangalore,4.85
DRV_257,Karan Das,Hyderabad,4.08
DRV_258,Rohan Pandey,Mumbai,4.32
DRV_259,Sneha Pandey,Delhi,4.86
DRV_260,Pooja Mehta,Kolkata,4.44
DRV_261,Rohan Mishra,Mumbai,3.68
DRV_262,Arjun Gupta,Mumbai,4.91
DRV_263,Neha Sharma,Chennai,4.44
DRV_264,Rohan Reddy,Kolkata,4
DRV_265,Shreya Kulkarni,Kolkata,3.71
DRV_266,Neha Reddy,Mumbai,4.69
DRV_267,Anjali Nair,Pune,4.43
DRV_268,Vivaan Joshi,Chennai,4.3
DRV_269,Pooja Nair,Chennai,4.84
DRV_270,Priya Yadav,Bangalore,4.68
DRV_271,Amit Kulkarni,Ahmedabad,3.73
DRV_272,Sneha Nair,Kolkata,3.97
DRV_273,Meera Pandey,Mumbai,3.87
DRV_274,Neha Gupta,Bangalore,4.62
DRV_275,Karan Singh,Hyderabad,3.55
DRV_276,Sneha Nair,Delhi,4.35
DRV_277,Isha Chatterjee,Ahmedabad,4.64
DRV_278,Rohan Reddy,Ahmedabad,4.82
DRV_279,Sneha Patel,Ahmedabad,4.01
DRV_280,Karan Pandey,Chennai,4.73
